1026,2020-10-02 22:46:03.381159+00:00,81.34.198.192
1027,2020-10-02 22:46:03.381159+00:01,81.34.198.193
1028,2020-10-02 22:46:03.381159+00:02,81.34.198.194
1029,2020-10-02 22:46:03.381159+00:03,81.34.198.195
1030,2020-10-02 22:46:03.381159+00:04,81.34.198.196
1031,2020-10-02 22:46:03.381159+00:05,81.34.198.197
1032,2020-10-02 22:46:03.381159+00:06,81.34.198.198
1033,2020-10-02 22:46:03.381159+00:07,81.34.198.199
1034,2020-10-02 22:46:03.381159+00:08,81.34.198.200
1035,2020-10-02 22:46:03.381159+00:09,81.34.198.201
1036,2020-10-02 22:46:03.381159+00:10,81.34.198.202
1037,2020-10-02 22:46:03.381159+00:11,81.34.198.203
1038,2020-10-02 22:46:03.381159+00:12,81.34.198.204
1039,2020-10-02 22:46:03.381159+00:13,81.34.198.205
1040,2020-10-02 22:46:03.381159+00:14,81.34.198.206
1041,2020-10-02 22:46:03.381159+00:15,81.34.198.207
1042,2020-10-02 22:46:03.381159+00:16,81.34.198.208
1043,2020-10-02 22:46:03.381159+00:17,81.34.198.209
1044,2020-10-02 22:46:03.381159+00:18,81.34.198.210
1045,2020-10-02 22:46:03.381159+00:19,81.34.198.211
1046,2020-10-02 22:46:03.381159+00:20,81.34.198.212
1047,2020-10-02 22:46:03.381159+00:21,81.34.198.213
1048,2020-10-02 22:46:03.381159+00:22,81.34.198.214
1049,2020-10-02 22:46:03.381159+00:23,81.34.198.215
1050,2020-10-02 22:46:03.381159+00:24,81.34.198.216
1051,2020-10-02 22:46:03.381159+00:25,81.34.198.217
1052,2020-10-02 22:46:03.381159+00:26,81.34.198.218
1053,2020-10-02 22:46:03.381159+00:27,81.34.198.219
1054,2020-10-02 22:46:03.381159+00:28,81.34.198.220
1055,2020-10-02 22:46:03.381159+00:29,81.34.198.221
1056,2020-10-02 22:46:03.381159+00:30,81.34.198.222
1057,2020-10-02 22:46:03.381159+00:31,81.34.198.223
1058,2020-10-02 22:46:03.381159+00:32,81.34.198.224
1059,2020-10-02 22:46:03.381159+00:33,81.34.198.225
1060,2020-10-02 22:46:03.381159+00:34,81.34.198.226
1061,2020-10-02 22:46:03.381159+00:35,81.34.198.227
1062,2020-10-02 22:46:03.381159+00:36,81.34.198.228
1063,2020-10-02 22:46:03.381159+00:37,81.34.198.229
1064,2020-10-02 22:46:03.381159+00:38,81.34.198.230
1065,2020-10-02 22:46:03.381159+00:39,81.34.198.231
1066,2020-10-02 22:46:03.381159+00:40,81.34.198.232
1067,2020-10-02 22:46:03.381159+00:41,81.34.198.233
1068,2020-10-02 22:46:03.381159+00:42,81.34.198.234
1069,2020-10-02 22:46:03.381159+00:43,81.34.198.235
1070,2020-10-02 22:46:03.381159+00:44,81.34.198.236
1071,2020-10-02 22:46:03.381159+00:45,81.34.198.237
1072,2020-10-02 22:46:03.381159+00:46,81.34.198.238
1073,2020-10-02 22:46:03.381159+00:47,81.34.198.239
1074,2020-10-02 22:46:03.381159+00:48,81.34.198.240
1075,2020-10-02 22:46:03.381159+00:49,81.34.198.241
1076,2020-10-02 22:46:03.381159+00:50,81.34.198.242
1077,2020-10-02 22:46:03.381159+00:51,81.34.198.243
1078,2020-10-02 22:46:03.381159+00:52,81.34.198.244
1079,2020-10-02 22:46:03.381159+00:53,81.34.198.245
1080,2020-10-02 22:46:03.381159+00:54,81.34.198.246
1081,2020-10-02 22:46:03.381159+00:55,81.34.198.247
1082,2020-10-02 22:46:03.381159+00:56,81.34.198.248
1083,2020-10-02 22:46:03.381159+00:57,81.34.198.249
1084,2020-10-02 22:46:03.381159+00:58,81.34.198.250
1085,2020-10-02 22:46:03.381159+00:59,81.34.198.251
1086,2020-10-02 22:46:03.381159+00:60,81.34.198.252
1087,2020-10-02 22:46:03.381159+00:61,81.34.198.253
1088,2020-10-02 22:46:03.381159+00:62,81.34.198.254
1089,2020-10-02 22:46:03.381159+00:63,81.34.198.255
1090,2020-10-02 22:46:03.381159+00:64,81.34.198.256
1091,2020-10-02 22:46:03.381159+00:65,81.34.198.257
1092,2020-10-02 22:46:03.381159+00:66,81.34.198.258
1093,2020-10-02 22:46:03.381159+00:67,81.34.198.259
1094,2020-10-02 22:46:03.381159+00:68,81.34.198.260
1095,2020-10-02 22:46:03.381159+00:69,81.34.198.261
1096,2020-10-02 22:46:03.381159+00:70,81.34.198.262
1097,2020-10-02 22:46:03.381159+00:71,81.34.198.263
1098,2020-10-02 22:46:03.381159+00:72,81.34.198.264
1099,2020-10-02 22:46:03.381159+00:73,81.34.198.265
1100,2020-10-02 22:46:03.381159+00:74,81.34.198.266
1101,2020-10-02 22:46:03.381159+00:75,81.34.198.267
1102,2020-10-02 22:46:03.381159+00:76,81.34.198.268
1103,2020-10-02 22:46:03.381159+00:77,81.34.198.269
1104,2020-10-02 22:46:03.381159+00:78,81.34.198.270
1105,2020-10-02 22:46:03.381159+00:79,81.34.198.271
1106,2020-10-02 22:46:03.381159+00:80,81.34.198.272
1107,2020-10-02 22:46:03.381159+00:81,81.34.198.273
1108,2020-10-02 22:46:03.381159+00:82,81.34.198.274
1109,2020-10-02 22:46:03.381159+00:83,81.34.198.275
1110,2020-10-02 22:46:03.381159+00:84,81.34.198.276
1111,2020-10-02 22:46:03.381159+00:85,81.34.198.277
1112,2020-10-02 22:46:03.381159+00:86,81.34.198.278
1113,2020-10-02 22:46:03.381159+00:87,81.34.198.279
1114,2020-10-02 22:46:03.381159+00:88,81.34.198.280
1115,2020-10-02 22:46:03.381159+00:89,81.34.198.281
1116,2020-10-02 22:46:03.381159+00:90,81.34.198.282
1117,2020-10-02 22:46:03.381159+00:91,81.34.198.283
1118,2020-10-02 22:46:03.381159+00:92,81.34.198.284
1119,2020-10-02 22:46:03.381159+00:93,81.34.198.285
1120,2020-10-02 22:46:03.381159+00:94,81.34.198.286
1121,2020-10-02 22:46:03.381159+00:95,81.34.198.287
1122,2020-10-02 22:46:03.381159+00:96,81.34.198.288
1123,2020-10-02 22:46:03.381159+00:97,81.34.198.289
1124,2020-10-02 22:46:03.381159+00:98,81.34.198.290
1125,2020-10-02 22:46:03.381159+00:99,81.34.198.291
1126,2020-10-02 22:46:03.381159+00:100,81.34.198.292
1127,2020-10-02 22:46:03.381159+00:101,81.34.198.293
1128,2020-10-02 22:46:03.381159+00:102,81.34.198.294
1129,2020-10-02 22:46:03.381159+00:103,81.34.198.295
1130,2020-10-02 22:46:03.381159+00:104,81.34.198.296
1131,2020-10-02 22:46:03.381159+00:105,81.34.198.297
1132,2020-10-02 22:46:03.381159+00:106,81.34.198.298
1133,2020-10-02 22:46:03.381159+00:107,81.34.198.299
1134,2020-10-02 22:46:03.381159+00:108,81.34.198.300
1135,2020-10-02 22:46:03.381159+00:109,81.34.198.301
1136,2020-10-02 22:46:03.381159+00:110,81.34.198.302
1137,2020-10-02 22:46:03.381159+00:111,81.34.198.303
1138,2020-10-02 22:46:03.381159+00:112,81.34.198.304
1139,2020-10-02 22:46:03.381159+00:113,81.34.198.305
1140,2020-10-02 22:46:03.381159+00:114,81.34.198.306
1141,2020-10-02 22:46:03.381159+00:115,81.34.198.307
1142,2020-10-02 22:46:03.381159+00:116,81.34.198.308
1143,2020-10-02 22:46:03.381159+00:117,81.34.198.309
1144,2020-10-02 22:46:03.381159+00:118,81.34.198.310
1145,2020-10-02 22:46:03.381159+00:119,81.34.198.311
1146,2020-10-02 22:46:03.381159+00:120,81.34.198.312
1147,2020-10-02 22:46:03.381159+00:121,81.34.198.313
1148,2020-10-02 22:46:03.381159+00:122,81.34.198.314
1149,2020-10-02 22:46:03.381159+00:123,81.34.198.315
1150,2020-10-02 22:46:03.381159+00:124,81.34.198.316
1151,2020-10-02 22:46:03.381159+00:125,81.34.198.317
1152,2020-10-02 22:46:03.381159+00:126,81.34.198.318
1153,2020-10-02 22:46:03.381159+00:127,81.34.198.319
1154,2020-10-02 22:46:03.381159+00:128,81.34.198.320
1155,2020-10-02 22:46:03.381159+00:129,81.34.198.321
1156,2020-10-02 22:46:03.381159+00:130,81.34.198.322
1157,2020-10-02 22:46:03.381159+00:131,81.34.198.323
1158,2020-10-02 22:46:03.381159+00:132,81.34.198.324
1159,2020-10-02 22:46:03.381159+00:133,81.34.198.325
1160,2020-10-02 22:46:03.381159+00:134,81.34.198.326
1161,2020-10-02 22:46:03.381159+00:135,81.34.198.327
1162,2020-10-02 22:46:03.381159+00:136,81.34.198.328
1163,2020-10-02 22:46:03.381159+00:137,81.34.198.329
1164,2020-10-02 22:46:03.381159+00:138,81.34.198.330
1165,2020-10-02 22:46:03.381159+00:139,81.34.198.331
1166,2020-10-02 22:46:03.381159+00:140,81.34.198.332
1167,2020-10-02 22:46:03.381159+00:141,81.34.198.333
1168,2020-10-02 22:46:03.381159+00:142,81.34.198.334
1169,2020-10-02 22:46:03.381159+00:143,81.34.198.335
1170,2020-10-02 22:46:03.381159+00:144,81.34.198.336
1171,2020-10-02 22:46:03.381159+00:145,81.34.198.337
1172,2020-10-02 22:46:03.381159+00:146,81.34.198.338
1173,2020-10-02 22:46:03.381159+00:147,81.34.198.339
1174,2020-10-02 22:46:03.381159+00:148,81.34.198.340
1175,2020-10-02 22:46:03.381159+00:149,81.34.198.341
1176,2020-10-02 22:46:03.381159+00:150,81.34.198.342
1177,2020-10-02 22:46:03.381159+00:151,81.34.198.343
1178,2020-10-02 22:46:03.381159+00:152,81.34.198.344
1179,2020-10-02 22:46:03.381159+00:153,81.34.198.345
1180,2020-10-02 22:46:03.381159+00:154,81.34.198.346
1181,2020-10-02 22:46:03.381159+00:155,81.34.198.347
1182,2020-10-02 22:46:03.381159+00:156,81.34.198.348
1183,2020-10-02 22:46:03.381159+00:157,81.34.198.349
1184,2020-10-02 22:46:03.381159+00:158,81.34.198.350
1185,2020-10-02 22:46:03.381159+00:159,81.34.198.351
1186,2020-10-02 22:46:03.381159+00:160,81.34.198.352
1187,2020-10-02 22:46:03.381159+00:161,81.34.198.353
1188,2020-10-02 22:46:03.381159+00:162,81.34.198.354
1189,2020-10-02 22:46:03.381159+00:163,81.34.198.355
1190,2020-10-02 22:46:03.381159+00:164,81.34.198.356
1191,2020-10-02 22:46:03.381159+00:165,81.34.198.357
1192,2020-10-02 22:46:03.381159+00:166,81.34.198.358
1193,2020-10-02 22:46:03.381159+00:167,81.34.198.359
1194,2020-10-02 22:46:03.381159+00:168,81.34.198.360
1195,2020-10-02 22:46:03.381159+00:169,81.34.198.361
1196,2020-10-02 22:46:03.381159+00:170,81.34.198.362
1197,2020-10-02 22:46:03.381159+00:171,81.34.198.363
1198,2020-10-02 22:46:03.381159+00:172,81.34.198.364
1199,2020-10-02 22:46:03.381159+00:173,81.34.198.365
1200,2020-10-02 22:46:03.381159+00:174,81.34.198.366
1201,2020-10-02 22:46:03.381159+00:175,81.34.198.367
1202,2020-10-02 22:46:03.381159+00:176,81.34.198.368
1203,2020-10-02 22:46:03.381159+00:177,81.34.198.369
1204,2020-10-02 22:46:03.381159+00:178,81.34.198.370
1205,2020-10-02 22:46:03.381159+00:179,81.34.198.371
1206,2020-10-02 22:46:03.381159+00:180,81.34.198.372
1207,2020-10-02 22:46:03.381159+00:181,81.34.198.373
1208,2020-10-02 22:46:03.381159+00:182,81.34.198.374
1209,2020-10-02 22:46:03.381159+00:183,81.34.198.375
1210,2020-10-02 22:46:03.381159+00:184,81.34.198.376
1211,2020-10-02 22:46:03.381159+00:185,81.34.198.377
1212,2020-10-02 22:46:03.381159+00:186,81.34.198.378
1213,2020-10-02 22:46:03.381159+00:187,81.34.198.379
1214,2020-10-02 22:46:03.381159+00:188,81.34.198.380
1215,2020-10-02 22:46:03.381159+00:189,81.34.198.381
1216,2020-10-02 22:46:03.381159+00:190,81.34.198.382
1217,2020-10-02 22:46:03.381159+00:191,81.34.198.383
1218,2020-10-02 22:46:03.381159+00:192,81.34.198.384
1219,2020-10-02 22:46:03.381159+00:193,81.34.198.385
1220,2020-10-02 22:46:03.381159+00:194,81.34.198.386
1221,2020-10-02 22:46:03.381159+00:195,81.34.198.387
1222,2020-10-02 22:46:03.381159+00:196,81.34.198.388
1223,2020-10-02 22:46:03.381159+00:197,81.34.198.389
1224,2020-10-02 22:46:03.381159+00:198,81.34.198.390
1225,2020-10-02 22:46:03.381159+00:199,81.34.198.391
1226,2020-10-02 22:46:03.381159+00:200,81.34.198.392
1227,2020-10-02 22:46:03.381159+00:201,81.34.198.393
1228,2020-10-02 22:46:03.381159+00:202,81.34.198.394
1229,2020-10-02 22:46:03.381159+00:203,81.34.198.395
1230,2020-10-02 22:46:03.381159+00:204,81.34.198.396
1231,2020-10-02 22:46:03.381159+00:205,81.34.198.397
1232,2020-10-02 22:46:03.381159+00:206,81.34.198.398
1233,2020-10-02 22:46:03.381159+00:207,81.34.198.399
1234,2020-10-02 22:46:03.381159+00:208,81.34.198.400
1235,2020-10-02 22:46:03.381159+00:209,81.34.198.401
1236,2020-10-02 22:46:03.381159+00:210,81.34.198.402
1237,2020-10-02 22:46:03.381159+00:211,81.34.198.403
1238,2020-10-02 22:46:03.381159+00:212,81.34.198.404
1239,2020-10-02 22:46:03.381159+00:213,81.34.198.405
1240,2020-10-02 22:46:03.381159+00:214,81.34.198.406
1241,2020-10-02 22:46:03.381159+00:215,81.34.198.407
1242,2020-10-02 22:46:03.381159+00:216,81.34.198.408
1243,2020-10-02 22:46:03.381159+00:217,81.34.198.409
1244,2020-10-02 22:46:03.381159+00:218,81.34.198.410
1245,2020-10-02 22:46:03.381159+00:219,81.34.198.411
1246,2020-10-02 22:46:03.381159+00:220,81.34.198.412
1247,2020-10-02 22:46:03.381159+00:221,81.34.198.413
1248,2020-10-02 22:46:03.381159+00:222,81.34.198.414
1249,2020-10-02 22:46:03.381159+00:223,81.34.198.415
1250,2020-10-02 22:46:03.381159+00:224,81.34.198.416
1251,2020-10-02 22:46:03.381159+00:225,81.34.198.417
1252,2020-10-02 22:46:03.381159+00:226,81.34.198.418
1253,2020-10-02 22:46:03.381159+00:227,81.34.198.419
1254,2020-10-02 22:46:03.381159+00:228,81.34.198.420
1255,2020-10-02 22:46:03.381159+00:229,81.34.198.421
1256,2020-10-02 22:46:03.381159+00:230,81.34.198.422
1257,2020-10-02 22:46:03.381159+00:231,81.34.198.423
1258,2020-10-02 22:46:03.381159+00:232,81.34.198.424
1259,2020-10-02 22:46:03.381159+00:233,81.34.198.425
1260,2020-10-02 22:46:03.381159+00:234,81.34.198.426
1261,2020-10-02 22:46:03.381159+00:235,81.34.198.427
1262,2020-10-02 22:46:03.381159+00:236,81.34.198.428
1263,2020-10-02 22:46:03.381159+00:237,81.34.198.429
1264,2020-10-02 22:46:03.381159+00:238,81.34.198.430
1265,2020-10-02 22:46:03.381159+00:239,81.34.198.431
1266,2020-10-02 22:46:03.381159+00:240,81.34.198.432
1267,2020-10-02 22:46:03.381159+00:241,81.34.198.433
1268,2020-10-02 22:46:03.381159+00:242,81.34.198.434
1269,2020-10-02 22:46:03.381159+00:243,81.34.198.435
1270,2020-10-02 22:46:03.381159+00:244,81.34.198.436
1271,2020-10-02 22:46:03.381159+00:245,81.34.198.437
1272,2020-10-02 22:46:03.381159+00:246,81.34.198.438
1273,2020-10-02 22:46:03.381159+00:247,81.34.198.439
1274,2020-10-02 22:46:03.381159+00:248,81.34.198.440
1275,2020-10-02 22:46:03.381159+00:249,81.34.198.441
1276,2020-10-02 22:46:03.381159+00:250,81.34.198.442
1277,2020-10-02 22:46:03.381159+00:251,81.34.198.443
1278,2020-10-02 22:46:03.381159+00:252,81.34.198.444
1279,2020-10-02 22:46:03.381159+00:253,81.34.198.445
1280,2020-10-02 22:46:03.381159+00:254,81.34.198.446
1281,2020-10-02 22:46:03.381159+00:255,81.34.198.447
1282,2020-10-02 22:46:03.381159+00:256,81.34.198.448
1283,2020-10-02 22:46:03.381159+00:257,81.34.198.449
1284,2020-10-02 22:46:03.381159+00:258,81.34.198.450
1285,2020-10-02 22:46:03.381159+00:259,81.34.198.451
1286,2020-10-02 22:46:03.381159+00:260,81.34.198.452
1287,2020-10-02 22:46:03.381159+00:261,81.34.198.453
1288,2020-10-02 22:46:03.381159+00:262,81.34.198.454
1289,2020-10-02 22:46:03.381159+00:263,81.34.198.455
1290,2020-10-02 22:46:03.381159+00:264,81.34.198.456
1291,2020-10-02 22:46:03.381159+00:265,81.34.198.457
1292,2020-10-02 22:46:03.381159+00:266,81.34.198.458
1293,2020-10-02 22:46:03.381159+00:267,81.34.198.459
1294,2020-10-02 22:46:03.381159+00:268,81.34.198.460
1295,2020-10-02 22:46:03.381159+00:269,81.34.198.461
1296,2020-10-02 22:46:03.381159+00:270,81.34.198.462
1297,2020-10-02 22:46:03.381159+00:271,81.34.198.463
1298,2020-10-02 22:46:03.381159+00:272,81.34.198.464
1299,2020-10-02 22:46:03.381159+00:273,81.34.198.465
1300,2020-10-02 22:46:03.381159+00:274,81.34.198.466
1301,2020-10-02 22:46:03.381159+00:275,81.34.198.467
1302,2020-10-02 22:46:03.381159+00:276,81.34.198.468
1303,2020-10-02 22:46:03.381159+00:277,81.34.198.469
1304,2020-10-02 22:46:03.381159+00:278,81.34.198.470
1305,2020-10-02 22:46:03.381159+00:279,81.34.198.471
1306,2020-10-02 22:46:03.381159+00:280,81.34.198.472
1307,2020-10-02 22:46:03.381159+00:281,81.34.198.473
1308,2020-10-02 22:46:03.381159+00:282,81.34.198.474
1309,2020-10-02 22:46:03.381159+00:283,81.34.198.475
1310,2020-10-02 22:46:03.381159+00:284,81.34.198.476
1311,2020-10-02 22:46:03.381159+00:285,81.34.198.477
1312,2020-10-02 22:46:03.381159+00:286,81.34.198.478
1313,2020-10-02 22:46:03.381159+00:287,81.34.198.479
1314,2020-10-02 22:46:03.381159+00:288,81.34.198.480
1315,2020-10-02 22:46:03.381159+00:289,81.34.198.481
1316,2020-10-02 22:46:03.381159+00:290,81.34.198.482
1317,2020-10-02 22:46:03.381159+00:291,81.34.198.483
1318,2020-10-02 22:46:03.381159+00:292,81.34.198.484
1319,2020-10-02 22:46:03.381159+00:293,81.34.198.485
1320,2020-10-02 22:46:03.381159+00:294,81.34.198.486
1321,2020-10-02 22:46:03.381159+00:295,81.34.198.487
1322,2020-10-02 22:46:03.381159+00:296,81.34.198.488
1323,2020-10-02 22:46:03.381159+00:297,81.34.198.489
1324,2020-10-02 22:46:03.381159+00:298,81.34.198.490
1325,2020-10-02 22:46:03.381159+00:299,81.34.198.491
